23mer,Scores DeepHF,21mer,Predicted_Efficiency,A_Content,T_Content,C_Content,G_Content,GC_Content,Tm_Global,Tm_PAM_Proximal,Tm_Middle,Stem_Loop,Free_Energy,Base_Accessibility,A_Content_SHAP,T_Content_SHAP,C_Content_SHAP,G_Content_SHAP,GC_Content_SHAP,Tm_Global_SHAP,Tm_PAM_Proximal_SHAP,Tm_Middle_SHAP,Stem_Loop_SHAP,Free_Energy_SHAP,Base_Accessibility_SHAP
TTAAAAACGTGTTGGCAAGCTGG,0.286,TTAAAAACGTGTTGGCAAGCT,0.28683555,1.4423966001636757,0.19770115123289142,-1.604255364007052,0.01939038333260177,-1.3399559394430969,-1.339955939443096,0.7519607876598428,0.22209762326528829,0.7905694150420952,0.8634386978118492,1.3399559394430969,-0.007306806563085034,-0.022908582955926324,-0.024553391537475548,-0.012077292827411731,-0.041634854614980274,-0.01208131763087961,-0.07163697950910408,-0.024961263666291058,0.020472761649542894,-0.014159299426408463,0.0016856663399836547
CTTCCAGTATGGGTACAACGTGG,0.704,CTTCCAGTATGGGTACAACGT,0.67715585,0.44233495738352796,0.19770115123289142,-0.6490498800944541,0.01939038333260177,-0.5328782307437798,-0.5328782307437788,-0.8772875856031493,-0.5653394046752771,0.7905694150420952,0.46202546734842936,0.5328782307437802,0.023496209527792297,-0.009173774661926109,0.01683010384713338,0.003876220475841348,-0.0005828236219483363,0.00832988888762153,0.08046086711617997,0.04513565776869655,0.0386179311426131,0.0036831846522105732,0.003382546494581858
GCATACACCCATTTGCATACAGG,0.312,GCATACACCCATTTGCATACA,0.31015077,1.4423966001636757,-0.2558485486543256,0.3061556038181437,-1.493059516610227,-0.9364170850934384,-0.9364170850934374,-0.8772875856031493,-0.5653394046752771,-1.2649110640673524,0.10521373647488635,0.936417085093438,0.014272214087483649,-0.0007555065352483149,-0.0009940316279729103,-0.028010727203154295,-0.011522374654038646,-0.007385793459284445,0.06617549980560748,0.01688493118235917,-0.06749161404144743,-0.0023130595977435275,-0.010136454517956512
GAGCCTCGGCTTGTTCTGTGTGG,0.689,GAGCCTCGGCTTGTTCTGTGT,0.680019,-1.5577883281767675,1.1048005510073255,-0.6490498800944541,1.0276903166278208,0.2741994779555372,0.27419947795553845,-0.8772875856031493,0.22209762326528829,0.7905694150420952,-0.11779366178244596,-0.2741994779555366,0.005218413191073139,-0.03084997349363688,0.043845648276909586,0.018556449821580445,0.01890100750239778,0.013451272614927947,0.06605055616424853,0.009207290662077308,0.00489679260022475,0.008825762821668446,0.00547643018129107
AGCTCTCTCATTCCTGTTGAGGG,0.592,AGCTCTCTCATTCCTGTTGAG,0.58749217,-0.5577266853966197,1.1048005510073255,-0.1714471381381552,-0.4847595833150078,-0.5328782307437798,-0.5328782307437788,-0.06266339897165332,-0.5653394046752771,-1.2649110640673524,0.10521373647488635,0.5328782307437802,0.002149485856731292,-0.03392405702899665,0.020057535747359526,-0.008580322612772926,0.0037078334584886735,0.0034853287259519155,0.01810240985027381,0.0019706070880259052,0.00015742075885390766,0.0031179256102704784,0.001083334239247514
TTGTGAAGCTCCCTTTCCTGGGG,0.693,TTGTGAAGCTCCCTTTCCTGG,0.6905159,-1.0577575067866936,1.1048005510073255,-0.1714471381381552,0.01939038333260177,-0.12933937639412088,-0.1293393763941202,-0.06266339897165332,1.0095346512058538,0.7905694150420952,0.8188372248065195,0.1293393763941213,0.023709235535491084,-0.0274242098091832,0.017762366873331548,-0.010444986756768205,0.01111572877514164,0.0039530498941084445,0.014388987296448512,-0.01923383000023635,-0.007914402532381012,0.016937136186129863,0.0031759429641149734
GCCACCAGGAAGGTGAACACGGG,0.669,GCCACCAGGAAGGTGAACACG,0.6681432,1.4423966001636757,-2.0700473482031936,-0.1714471381381552,1.0276903166278208,0.6777383323051962,0.6777383323051971,-0.06266339897165332,0.22209762326528829,0.7905694150420952,-1.232830387223636,-0.6777383323051954,0.03776803189690732,0.1241897193121386,0.004864679560774842,0.012086116780455283,0.005724588893490388,0.0037467236402052373,0.015430106948583535,-0.005243829482204322,0.042541674270052385,-0.028001368639397107,-0.0011204004342302565
TGGGTTCTGACCATACCTGCAGG,0.679,TGGGTTCTGACCATACCTGCA,0.6870516,-0.05769586400654591,0.19770115123289142,-0.1714471381381552,0.01939038333260177,-0.12933937639412088,-0.1293393763941202,-0.06266339897165332,-0.5653394046752771,0.7905694150420952,-0.11779366178244596,0.1293393763941213,-0.0005245663280233784,-0.0174983259385977,0.013718354300810717,-0.0013196030597547037,0.00824845698235672,-0.001549728214740769,0.0102187066779032,0.03456471320037006,0.02707371010612219,0.0014580026705623178,0.00025584809345642015
CTTTAAAAAGAAAGATCCTCTGG,0.419,CTTTAAAAAGAAAGATCCTCT,0.42098495,2.4424582429438235,0.19770115123289142,-1.1266526220507531,-1.493059516610227,-2.147033648142414,-2.147033648142413,-0.06266339897165332,-1.3527764326158427,-1.2649110640673524,0.9080401674941105,2.1470336481424135,0.0054970377708201835,-0.009412952920510642,-0.011159580743329206,-0.007972038613680094,-0.03789392663609414,0.0025983168283006475,0.008179355562824928,0.06546804336353372,-0.056148618302775385,0.015723475053797283,-0.0018177715440591072
CTCAGCTTTGTGTCAACTGCAGG,0.602,CTCAGCTTTGTGTCAACTGCA,0.5793965,-0.05769586400654591,0.6512508511201085,-0.1714471381381552,-0.4847595833150078,-0.5328782307437798,-0.5328782307437788,-0.06266339897165332,-0.5653394046752771,-1.2649110640673524,0.640431359369748,0.5328782307437802,0.0015326164161356404,-0.022730436914637952,0.013464986172678705,0.004124764283102406,-0.002161533994798031,0.0004939020103041607,0.026550512155347348,0.009894471247117608,-0.01247403026309423,0.024635083651026856,0.004358304456394881
GGTGCAGGTCGCTTTCCATCAGG,0.438,GGTGCAGGTCGCTTTCCATCA,0.43952012,-0.5577266853966197,0.19770115123289142,-0.1714471381381552,0.5235403499802113,0.2741994779555372,0.27419947795553845,-0.8772875856031493,0.22209762326528829,0.7905694150420952,-0.11779366178244596,-0.2741994779555366,-0.014811641696990627,-0.020376812898632364,0.009255766998225941,-0.0003312350192786156,0.009812946421104482,-0.0015014083817219176,0.0649201295393154,-0.008603239916401455,0.008031409452140556,-0.002474435286139284,-0.004098667248046449
GCGCGGGCCATCGTCCTCGCAGG,0.419,GCGCGGGCCATCGTCCTCGCA,0.41898537,-1.0577575067866936,-1.1629479484287597,1.2613610877307415,1.0276903166278208,1.8883548953541713,1.888354895354173,0.7519607876598428,0.22209762326528829,0.7905694150420952,-3.6413097567118817,-1.8883548953541702,-0.03265129673649088,0.07329461231956515,-0.059232602312870065,0.018212820471506637,0.002852585016589463,0.013631424119511789,-0.06418985132325863,0.0011553931435495021,0.019227034659653676,-0.1076172644361144,-0.0026516995161188295
ATGCTCACGTGCCACACGTGTGG,0.543,ATGCTCACGTGCCACACGTGT,0.54505324,-0.05769586400654591,-0.2558485486543256,0.3061556038181437,0.01939038333260177,0.2741994779555372,0.27419947795553845,-0.06266339897165332,1.0095346512058538,-1.2649110640673524,-1.8572509960059778,-0.2741994779555366,0.0032640531413502777,-0.002481064121255943,-0.009624694770836566,-0.004335669207048936,0.005158015182275897,-0.0018341444951274052,0.01560136372216675,-0.013081392703148046,-0.00799765993223524,-0.0532912814498439,-0.004229981199780242
CGTGTTTCTGAAGCTGAAGCTGG,0.527,CGTGTTTCTGAAGCTGAAGCT,0.5264572,-0.05769586400654591,0.6512508511201085,-1.1266526220507531,0.5235403499802113,-0.5328782307437798,-0.5328782307437788,-0.06266339897165332,0.22209762326528829,-1.2649110640673524,-0.6976127377442269,0.5328782307437802,0.0014987886497825817,-0.0185306326694268,0.028841091858925826,0.004466537986592066,0.0016458154427426588,-0.0018954469648363964,0.015703777035514083,0.002037046688707772,-0.016098899541647872,0.0043976783834316,0.0036736240494491417
CCTGTCCGCTTACCGTTCTCCGG,0.433,CCTGTCCGCTTACCGTTCTCC,0.43003976,-1.5577883281767675,0.6512508511201085,1.7389638296870404,-0.9889095499626173,0.6777383323051962,0.6777383323051971,0.7519607876598428,0.22209762326528829,-1.2649110640673524,0.9526416371763718,-0.6777383323051954,-0.011780798517938553,-0.03554891012506661,-0.04003061345972858,-0.011629713769262692,0.013826138855063865,0.0007276860521611654,-0.05062138437440162,0.0034669152317711965,0.015750363943313726,0.07818370628777906,0.003412580873216799
TTCCAGTCACCGCTGTGTCTAGG,0.455,TTCCAGTCACCGCTGTGTCTA,0.45764214,-0.5577266853966197,0.6512508511201085,0.3061556038181437,-0.4847595833150078,-0.12933937639412088,-0.1293393763941202,-0.8772875856031493,1.0095346512058538,-1.2649110640673524,-0.16239508826481808,0.1293393763941213,0.004524089276599581,-0.02065355152287435,0.0005107464016357191,-0.009526640569088442,0.006780465188071191,-1.3673572285932689e-05,0.07214206154628797,-0.0029366919225006743,0.022144659289291928,-0.010962558882106292,0.002424680153692595
CCCAATAACCTATCAATTGTAGG,0.445,CCCAATAACCTATCAATTGTA,0.44528353,1.9424274215537496,0.19770115123289142,-0.1714471381381552,-1.9972094832578364,-1.7434947937927554,-1.7434947937927547,-1.6919117722346453,-0.5653394046752771,-1.2649110640673524,0.9526416371763718,1.7434947937927558,0.02421062273543067,-0.011596133649321907,0.011071447549121717,-0.01496844870403354,-0.03329676346368951,-0.012230229076175448,0.13115614377661106,0.02770255752003345,-0.04926163225601881,0.02963625771187983,0.004318497745804613
GGCTGGCTTAGTATCCCTAATGG,0.614,GGCTGGCTTAGTATCCCTAAT,0.61114883,-0.05769586400654591,0.6512508511201085,-0.6490498800944541,0.01939038333260177,-0.5328782307437798,-0.5328782307437788,-0.8772875856031493,-2.140213460556408,0.7905694150420952,0.8188372248065195,0.5328782307437802,-0.0064613077526864526,-0.04595981854194906,0.012292561117873533,-0.0018197472374408632,-0.0013852330818499331,0.008802123618527117,0.07868040849082855,0.12217378071185216,0.04624030064968836,0.025894139617026496,0.0036364176827431705
TGCTCCCTCACGTCAGAAGATGG,0.605,TGCTCCCTCACGTCAGAAGAT,0.59817797,0.44233495738352796,-0.2558485486543256,0.3061556038181437,-0.4847595833150078,-0.12933937639412088,-0.1293393763941202,-0.8772875856031493,0.22209762326528829,-1.2649110640673524,0.9526416371763718,0.1293393763941213,0.005902860149904936,0.003348141939348594,0.013256188488869,0.0009528142007770539,0.006652410916520143,0.000262084256707524,0.07415807732268351,0.004748057273827191,-0.0020581873904763626,0.04738517290820462,-0.0010983859881376504
GGGCCGCTTGATGCGACGCCTGG,0.505,GGGCCGCTTGATGCGACGCCT,0.5006194,-1.0577575067866936,-0.7093982485415427,0.3061556038181437,1.5318402832754303,1.4848160410045133,1.4848160410045144,1.5665849742913387,-0.5653394046752771,0.7905694150420952,-2.481671392111942,-1.4848160410045121,-0.026682702019374,0.033658641235282054,-0.006978029978799288,0.02715221544447946,0.007615882753234203,0.00360513169952966,-0.12405727844303237,0.01919369852927689,0.020882497517726365,-0.0780484361178327,0.00428237143098872
GTGGCCCCCGTGATAAACGCAGG,0.708,GTGGCCCCCGTGATAAACGCA,0.7196097,0.44233495738352796,-1.1629479484287597,0.3061556038181437,0.5235403499802113,0.6777383323051962,0.6777383323051971,-0.8772875856031493,0.22209762326528829,0.7905694150420952,0.41742398769696293,-0.6777383323051954,0.009389099023635796,0.06971807484497954,-0.0018574501909724825,-0.003987343483792134,0.0036173592502380747,-0.001440464563312982,0.06972666760231112,-0.007881942836247094,0.02230557770683217,0.006328558160381014,-0.0018366530619479563
CCACGTGCTCTTGACCAAAGCGG,0.615,CCACGTGCTCTTGACCAAAGC,0.614673,0.44233495738352796,-0.7093982485415427,0.7837583457744426,-0.4847595833150078,0.2741994779555372,0.27419947795553845,-0.06266339897165332,-0.5653394046752771,-1.2649110640673524,0.9526416371763718,-0.2741994779555366,0.008901559607886553,0.02876725619583776,0.008379472058007134,0.0015255875694446253,0.010789649485995926,0.0017502967459269159,0.01476269077523287,0.02575935340305663,-0.02964854602712196,0.06060538190884357,0.0025139304676226287
TTCATGCAGTTCTGCCAAGTGGG,0.4,TTCATGCAGTTCTGCCAAGTG,0.41317177,-0.05769586400654591,0.6512508511201085,-0.6490498800944541,0.01939038333260177,-0.5328782307437798,-0.5328782307437788,0.7519607876598428,-0.5653394046752771,-1.2649110640673524,0.41742398769696293,0.5328782307437802,-0.00886533356138637,-0.033889206119509414,0.006182675828006717,-0.009372564257828727,-0.00816718001096021,-0.0021198373936089205,-0.06698841346434622,0.0031952345641432156,-0.019344750382415534,0.0064489674948892605,-0.004603501272834686
GACGGAGCGTCCTTCTTGCCTGG,0.447,GACGGAGCGTCCTTCTTGCCT,0.45095068,-1.0577575067866936,0.19770115123289142,0.3061556038181437,0.5235403499802113,0.6777383323051962,0.6777383323051971,-0.06266339897165332,0.22209762326528829,0.7905694150420952,-0.11779366178244596,-0.6777383323051954,-0.02558259289343279,-0.02509774818961873,-0.016780635921946386,-0.0006090880613842307,0.004762626188251121,-0.010331943412840149,0.004404818373067054,-0.0077370544793186535,-0.0003302213172991231,-0.011568862890258368,-0.005027438217139504
TTTCCTGTGGCAGCCTAAGAGGG,0.337,TTTCCTGTGGCAGCCTAAGAG,0.35877046,-0.05769586400654591,0.19770115123289142,-0.6490498800944541,0.5235403499802113,-0.12933937639412088,-0.1293393763941202,-0.06266339897165332,1.0095346512058538,0.7905694150420952,0.32822108156312435,0.1293393763941213,-0.02055561382855687,-0.0208945309695525,0.003954980849892232,-0.005232525232074038,0.00130712542505492,-0.0014363928346625143,0.005019550065035782,-0.06489563448143092,-0.003772627739679255,-0.010705340599074912,-0.004908540569273094
CTCAACTCGGCCGCGGCGCTGGG,0.373,CTCAACTCGGCCGCGGCGCTG,0.3719977,-1.0577575067866936,-1.1629479484287597,1.2613610877307415,1.0276903166278208,1.8883548953541713,1.888354895354173,2.3812091609228347,2.584408707086985,0.7905694150420952,-0.251598047567751,-1.8883548953541702,0.0034555737074164544,0.037839993171930326,-0.026632539127977226,0.015312172450302605,0.027698400339871584,0.017450486187014582,-0.21262583884153846,-0.0999486101423467,-0.00022757518290280173,-0.012793179442799037,0.004854145599699723
CGCCTTCTCGGTGCTCAGCCTGG,0.137,CGCCTTCTCGGTGCTCAGCCT,0.15046057,-1.5577883281767675,0.19770115123289142,1.2613610877307415,0.01939038333260177,1.0812771866548543,1.0812771866548556,0.7519607876598428,1.0095346512058538,0.7905694150420952,-0.5192068191383611,-1.0812771866548534,-0.034192887966281435,-0.035162346481922124,-0.07375840059628254,-0.021289559662846978,-0.0012946983146047935,-0.011149216281256947,-0.07106385205534624,-0.037797708379875714,-0.008195640596018723,-0.05617699911487427,-0.0168459763828897
CGACCTCCGCATCGTCCACCAGG,0.474,CGACCTCCGCATCGTCCACCA,0.47655553,-0.05769586400654591,-1.1629479484287597,2.21656657164334,-0.9889095499626173,1.0812771866548543,1.0812771866548556,0.7519607876598428,1.0095346512058538,-1.2649110640673524,0.7742357584473267,-1.0812771866548534,-0.0022968717035410924,0.05316016281999295,-0.007751147530549931,-0.007663624738121314,0.014652927953668024,0.008980266297843308,-0.06701595135265109,-0.030626792365159753,-0.017529511605918195,0.05151428722165825,0.003331805944388152
GGTGGCTGGCAGAGTCTGCTCGG,0.569,GGTGGCTGGCAGAGTCTGCTC,0.55856067,-1.0577575067866936,-0.2558485486543256,-0.6490498800944541,2.03599024992304,1.0812771866548543,1.0812771866548556,0.7519607876598428,1.0095346512058538,0.7905694150420952,-0.9652216156530258,-1.0812771866548534,0.0029351965084180786,0.002343818067740184,0.03712972949494371,0.05066243227530313,0.016089720869839425,0.003920589119960095,-0.05674470037276492,-0.007810797248949937,0.009206740008223616,-0.015954278375366678,-0.0028179113756551482
AGAGAAGCTACCTGCTTCATTGG,0.379,AGAGAAGCTACCTGCTTCATT,0.3771031,0.9423657787736018,0.19770115123289142,-0.6490498800944541,-0.4847595833150078,-0.9364170850934384,-0.9364170850934374,-0.8772875856031493,0.22209762326528829,-1.2649110640673524,-2.035656701935466,0.936417085093438,0.00020929384505845108,-0.007504691373136403,0.0252693791467792,-0.014886091881168958,-0.0013705693362724228,-0.0002029838565832506,0.0792955700990372,-0.0077826705566801935,-0.03334722789038559,-0.008132735514610792,0.0014923565915270578
AGGCCCTCGGCCCAGGCACACGG,0.512,AGGCCCTCGGCCCAGGCACAC,0.509506,-0.05769586400654591,-2.0700473482031936,1.7389638296870404,0.5235403499802113,1.8883548953541713,1.888354895354173,0.7519607876598428,1.7969716791464192,0.7905694150420952,-1.545040585276618,-1.8883548953541702,0.002516008899871251,0.13550057526909826,-0.03192231656076053,0.001757140682443941,0.012898058676580467,0.03272143260135756,-0.06352304494615658,-0.07919142137353237,0.014392031080365828,-0.0646453423173109,0.008290464078987021
GCATAGCACACCTGGTTTCCAGG,0.379,GCATAGCACACCTGGTTTCCA,0.38030714,0.44233495738352796,-0.2558485486543256,0.3061556038181437,-0.4847595833150078,-0.12933937639412088,-0.1293393763941202,-0.06266339897165332,0.22209762326528829,0.7905694150420952,0.9526416371763718,0.1293393763941213,0.00018631473129048542,0.005533205396444589,0.00415389073821597,-0.005797590627147377,0.0004896684566806127,-0.003898214678460854,0.008728386076924567,-0.012211912697106059,0.010181926900432228,0.02323260119410006,-0.004399208767312313
TCTAGGTCAGTAGGATGTACGGG,0.631,TCTAGGTCAGTAGGATGTACG,0.60375655,0.44233495738352796,0.19770115123289142,-1.604255364007052,1.0276903166278208,-0.5328782307437798,-0.5328782307437788,-0.06266339897165332,0.22209762326528829,0.7905694150420952,0.19441664260872493,0.5328782307437802,0.007697004656010602,-0.012992046538044462,0.028948505937834795,0.018558392466549944,0.003773944193135687,0.007558431735623872,0.018613129598344418,-0.009936310765384657,0.03154780229915192,0.005196798725851941,0.011876590604528833
CTCGGGGACCCGGGCCATCCAGG,0.244,CTCGGGGACCCGGGCCATCCA,0.24674802,-0.5577266853966197,-1.6164976483159768,1.2613610877307415,1.0276903166278208,1.8883548953541713,1.888354895354173,0.7519607876598428,1.7969716791464192,0.7905694150420952,-1.545040585276618,-1.8883548953541702,-0.009201560841511679,0.08644097673887088,-0.046521604558343796,0.012456178481902945,0.008496035458417709,0.01829021397616456,-0.06369727553943456,-0.07566511968573751,0.011225512257974163,-0.05514151424810465,-0.003621794986146271
CCATCCTTTTGGCAGACCAGGGG,0.64,CCATCCTTTTGGCAGACCAGG,0.65082395,-0.05769586400654591,-0.2558485486543256,0.3061556038181437,0.01939038333260177,0.2741994779555372,0.27419947795553845,0.7519607876598428,-0.5653394046752771,0.7905694150420952,0.06061225682341989,-0.2741994779555366,0.0005694443271273751,0.009707371066341484,-0.0004025048852621909,-0.002113341971303933,0.006862843811730325,-0.005848443456294332,-0.059715118027213736,0.03832618276769425,0.028463260553804513,0.0007264494431979288,-0.0033426075737118138
GCCGGCAAATGCCTCCACAGTGG,0.676,GCCGGCAAATGCCTCCACAGT,0.6736877,0.44233495738352796,-1.1629479484287597,0.7837583457744426,0.01939038333260177,0.6777383323051962,0.6777383323051971,-0.06266339897165332,-0.5653394046752771,0.7905694150420952,-0.831417123529532,-0.6777383323051954,0.019628930775510093,0.08189268060192302,-0.01328391708679252,0.004761742885077838,0.004116502873626832,-0.0026585476220527576,0.01663764064019415,0.032165382562321196,0.03876661030138969,-0.03754916574273791,-0.00025290943811829517
GATGGTCTCAAAGGAGACCCTGG,0.575,GATGGTCTCAAAGGAGACCCT,0.57504654,0.9423657787736018,-0.7093982485415427,-0.6490498800944541,0.5235403499802113,-0.12933937639412088,-0.1293393763941202,0.7519607876598428,-0.5653394046752771,0.7905694150420952,-3.061490574411912,0.1293393763941213,0.0199547495160784,0.031230460947904833,0.020842610438773924,0.007450336126453718,0.004207151740680236,-0.003875032408442685,-0.0690460070053409,0.023741784283802615,0.04025178581592202,-0.05360835554733218,-0.00029593802504106003
TGCTTGGCAAGCCACTCCTCGGG,0.562,TGCTTGGCAAGCCACTCCTCG,0.5521045,-0.5577266853966197,-0.2558485486543256,0.7837583457744426,0.01939038333260177,0.6777383323051962,0.6777383323051971,0.7519607876598428,0.22209762326528829,0.7905694150420952,0.3728225612145908,-0.6777383323051954,-0.01009879931261686,0.008719894100294445,-0.015305021955143836,-0.0025928547066864887,0.010197318223861104,0.00012388800854211995,-0.05453002994586696,-0.009984784906272946,0.008618552128583066,0.02055099900921076,0.0005301696968165816
CTGTGGTGGGTCTTTCTTTCTGG,0.237,CTGTGGTGGGTCTTTCTTTCT,0.23753788,-2.0578191495668414,2.465449650668977,-1.1266526220507531,0.5235403499802113,-0.5328782307437798,-0.5328782307437788,-1.6919117722346453,0.22209762326528829,0.7905694150420952,0.9080401674941105,0.5328782307437802,0.00036025321240718,-0.09694367212884303,0.017346009293113984,-0.011395750123830078,-0.013520154064937392,-0.012171095694268589,0.08451353469113017,-0.00393387605180289,-0.008910549210978067,-0.015132954265690331,-0.007624729359078966
TCAATCATTTCTGTCCTCATTGG,0.379,TCAATCATTTCTGTCCTCATT,0.37519497,-0.05769586400654591,2.0118999507817596,-0.1714471381381552,-1.9972094832578364,-1.7434947937927554,-1.7434947937927547,-0.8772875856031493,-1.3527764326158427,-1.2649110640673524,0.9526416371763718,1.7434947937927558,-0.002623217598272435,-0.08891652521059847,0.014986628120690045,-0.006625409045294193,-0.03310926347261383,0.003725959331026616,0.06490258378873925,0.025117963907264538,-0.024734405745264317,0.028908865567255804,0.004856454321070696
TTATGGATCCCCGTGCCTGTAGG,0.478,TTATGGATCCCCGTGCCTGTA,0.47335818,-0.5577266853966197,0.6512508511201085,-0.1714471381381552,0.01939038333260177,-0.12933937639412088,-0.1293393763941202,-0.06266339897165332,1.0095346512058538,0.7905694150420952,-0.474605392655989,0.1293393763941213,0.004594375423732248,-0.028686328315186305,0.015065119594430212,-0.008012754615778352,0.008449861356790692,0.003693836355656958,0.01636308884664333,-0.02921375356812452,0.0014357875091033923,0.002534704737453946,0.004800747175984122
CCACAAAAGTCCCCCCGGGGCGG,0.485,CCACAAAAGTCCCCCCGGGGC,0.48579895,0.44233495738352796,-2.0700473482031936,1.7389638296870404,0.01939038333260177,1.4848160410045133,1.4848160410045144,3.1958333475543306,1.0095346512058538,0.7905694150420952,-1.4558377323118739,-1.4848160410045121,0.007401963818695524,0.10978782269080263,-0.039011461099510814,-0.0021909240288054527,0.007830791682390417,0.0066222211639413876,-0.3468117238806592,-0.0510839945082331,0.023125720121782618,-0.07457115876508857,-0.0023495873876407452
ACAGGTGCACTACTGCTCAAGGG,0.68,ACAGGTGCACTACTGCTCAAG,0.68516576,0.9423657787736018,-0.7093982485415427,-0.1714471381381552,0.01939038333260177,-0.12933937639412088,-0.1293393763941202,-0.06266339897165332,-0.5653394046752771,0.7905694150420952,-0.07319212896188515,0.1293393763941213,0.026372308208310345,0.04484964128338046,0.003177817938201163,-0.0007470710537372408,0.00436393240619803,-0.0015784817109832847,0.015729819298227192,0.04372973690976154,0.05001893881094325,-0.0047154094770784595,-0.0007671624722279867
GACACACAAAACTTACAGAGTGG,0.686,GACACACAAAACTTACAGAGT,0.6888408,2.9424890643338975,-1.1629479484287597,-0.6490498800944541,-0.9889095499626173,-1.3399559394430969,-1.339955939443096,-0.8772875856031493,-2.140213460556408,-1.2649110640673524,0.9526416371763718,1.3399559394430969,0.029807334950009527,0.038855545359216745,-0.006745222382820576,-0.015520748528805405,-0.024907941605909378,-0.016395439213012147,0.08146872850401062,0.10197860140339797,-0.09119561409079657,0.03219133079215721,-0.01699712689652112
CGCTGGGATGTCAGAGTTCCTGG,0.375,CGCTGGGATGTCAGAGTTCCT,0.38569492,-0.5577266853966197,0.19770115123289142,-0.6490498800944541,1.0276903166278208,0.2741994779555372,0.27419947795553845,-0.06266339897165332,-0.5653394046752771,0.7905694150420952,-0.9206199764942763,-0.2741994779555366,-0.02238497110220158,-0.02175125422556595,0.02370126248634123,0.00015938894366060045,0.003917147634011916,-0.00538009065356883,0.008994225835625496,-0.0004719553494846397,0.015308856022554456,-0.015218910544551224,-0.0125205826573756
CAACATGCACTTTCTCCTCGAGG,0.547,CAACATGCACTTTCTCCTCGA,0.5480516,0.44233495738352796,0.19770115123289142,0.7837583457744426,-1.493059516610227,-0.5328782307437798,-0.5328782307437788,0.7519607876598428,-0.5653394046752771,-1.2649110640673524,0.9526416371763718,0.5328782307437802,0.0033322070544455984,-0.016490394348490152,0.004999865965419625,-0.016317604611126284,-0.0030417063788616616,0.0007887141635784879,-0.04395995515606781,0.022847963326470745,-0.02276165809332234,0.05167919406906153,-0.003071548482027905
CAGCTCAGTCATGACTTGACTGG,0.447,CAGCTCAGTCATGACTTGACT,0.4496281,0.44233495738352796,0.19770115123289142,-0.1714471381381552,-0.4847595833150078,-0.5328782307437798,-0.5328782307437788,-0.8772875856031493,-0.5653394046752771,-1.2649110640673524,-0.8760185500119041,0.5328782307437802,0.008659597104176492,-0.01220844510342285,0.011466443845695198,-0.007573414102687934,-0.00045583820168350927,-0.0019699326330870786,0.07105291794965064,0.010661446165307112,-0.04245547576374189,-0.028429670692609123,-0.0029841112825787735
CAAAAGTTTCAACCTGAGTTAGG,0.394,CAAAAGTTTCAACCTGAGTTA,0.39311194,1.9424274215537496,0.19770115123289142,-1.1266526220507531,-0.9889095499626173,-1.7434947937927554,-1.7434947937927547,-0.8772875856031493,-0.5653394046752771,-1.2649110640673524,0.9526416371763718,1.7434947937927558,-0.004054303646033065,-0.015043058412170015,-0.015782454631021823,-0.012167928832491,-0.036849773942660057,-0.015287063278994725,0.07636696265689727,0.024365545690550904,-0.05462138704109542,0.012809713002662728,-0.0029636524078664817
CACCCCGCGCCAGAGTACACAGG,0.585,CACCCCGCGCCAGAGTACACA,0.5859462,0.9423657787736018,-2.0700473482031936,1.7389638296870404,-0.4847595833150078,1.0812771866548543,1.0812771866548556,-0.8772875856031493,1.0095346512058538,-1.2649110640673524,0.9526416371763718,-1.0812771866548534,0.014382504360006617,0.10514359127716486,0.003361683134194251,0.005813895509793201,0.018577212065239965,0.020434576670055864,0.08343648616456505,-0.04016506956419447,-0.025145400151774126,0.04928036700019905,0.007402161497882004
CCTCCTTCTATAGCGTTGTACGG,0.414,CCTCCTTCTATAGCGTTGTAC,0.42501646,-0.5577266853966197,1.1048005510073255,0.3061556038181437,-0.9889095499626173,-0.5328782307437798,-0.5328782307437788,-0.06266339897165332,-0.5653394046752771,-1.2649110640673524,0.9526416371763718,0.5328782307437802,-0.004842913597003447,-0.045316254592162895,0.009462286322462916,-0.008729360713674627,-0.0007891025439616077,-0.0003465154999696526,0.015851713913141476,0.00631108602863692,-0.0012902929430534077,0.04520856226101899,0.0008481614387188351
GAAGTCAACATTATCTTCCAAGG,0.671,GAAGTCAACATTATCTTCCAA,0.6662204,1.9424274215537496,0.19770115123289142,-0.6490498800944541,-1.493059516610227,-1.7434947937927554,-1.7434947937927547,-0.8772875856031493,-2.140213460556408,-1.2649110640673524,0.3728225612145908,1.7434947937927558,0.03461614150158213,-0.0035135445522738056,0.014934929715462656,0.006844041316391348,-0.008190606853791653,0.0022163966827558495,0.08129749180332865,0.12895553284102965,-0.06624031723937492,0.013814265658949316,0.013917507692461929
ATCCCTGCTCCCCAGCCTAGGGG,0.561,ATCCCTGCTCCCCAGCCTAGG,0.5578303,-0.5577266853966197,-0.7093982485415427,1.7389638296870404,-0.4847595833150078,1.0812771866548543,1.0812771866548556,0.7519607876598428,1.0095346512058538,0.7905694150420952,-0.11779366178244596,-1.0812771866548534,-0.010009994373858102,0.04461364926695277,-0.02389101319069609,-0.0003328922856257862,0.01057392996377671,0.010233405431657492,-0.0635764538924527,-0.04277799251206193,0.013456395107420372,-0.009393062553412842,0.0031095105547444307
TGCTAATGGTGCATGCGTCGGGG,0.665,TGCTAATGGTGCATGCGTCGG,0.6655769,-0.5577266853966197,0.19770115123289142,-1.1266526220507531,1.5318402832754303,0.2741994779555372,0.27419947795553845,1.5665849742913387,0.22209762326528829,0.7905694150420952,0.19441664260872493,-0.2741994779555366,-0.002533834236554622,-0.007552441468823953,0.031620692025064984,0.024856862779229123,0.01236272570523586,0.00020254356274893026,-0.1106307667035323,-0.0017174043771111297,0.015786587919071057,0.005685386633425414,-0.0003179859356347451
ACCTTCATTGATGATCTGTTTGG,0.364,ACCTTCATTGATGATCTGTTT,0.37025392,-0.05769586400654591,2.0118999507817596,-1.1266526220507531,-0.9889095499626173,-1.7434947937927554,-1.7434947937927547,-1.6919117722346453,-1.3527764326158427,-1.2649110640673524,0.9526416371763718,1.7434947937927558,-0.00510930534001889,-0.09984334274075733,0.011450829421043826,0.0005936687284502283,-0.03851338619223007,-0.009710607586271605,0.1100141897255166,0.02609638253560771,-0.02513539718784692,0.006466346789465283,0.006859289884785592
TCGGCCTGATCCCCGTGAAAAGG,0.452,TCGGCCTGATCCCCGTGAAAA,0.42946804,0.44233495738352796,-0.7093982485415427,0.3061556038181437,0.01939038333260177,0.2741994779555372,0.27419947795553845,-0.8772875856031493,1.0095346512058538,0.7905694150420952,0.2390181222601914,-0.2741994779555366,0.0017741115374879538,0.035805643437218745,0.00045492595075303865,-0.0015924430210075122,0.006362095802694883,-0.0005694002991084976,0.07864470843519102,-0.06985991125612524,0.012417682968489422,0.004559840950705516,-0.002431544265453948
GTTAGTGCTGGCTCCCGGGCTGG,0.614,GTTAGTGCTGGCTCCCGGGCT,0.61556375,-1.5577883281767675,0.19770115123289142,-0.1714471381381552,1.5318402832754303,1.0812771866548543,1.0812771866548556,2.3812091609228347,1.0095346512058538,0.7905694150420952,-0.5638083519589219,-1.0812771866548534,0.018640653839191557,-0.009382851237615378,0.018104498578242333,0.05122743110639817,0.016445145406674997,-0.001832191303590707,-0.1834238866675004,-0.009769231966277084,0.006447642570832278,-0.020633526009954366,-0.007155831875927733
GGGAATCGGACTTCAGCTGGCGG,0.677,GGGAATCGGACTTCAGCTGGC,0.672669,-0.05769586400654591,-0.7093982485415427,-0.6490498800944541,1.5318402832754303,0.6777383323051962,0.6777383323051971,1.5665849742913387,0.22209762326528829,0.7905694150420952,0.7742357584473267,-0.6777383323051954,-0.007527670962906566,0.01786537761817048,0.008134900309118157,0.005937354755161439,0.01652733168322525,-0.002012623835614303,-0.10993283079602781,-0.005384197861174528,0.01919662825517601,0.02020202690885563,-0.0016786468321041176
CCCCCTCTTTGAAATTCCTTAGG,0.299,CCCCCTCTTTGAAATTCCTTA,0.30094218,-0.05769586400654591,1.1048005510073255,0.7837583457744426,-1.9972094832578364,-0.9364170850934384,-0.9364170850934374,-1.6919117722346453,-2.140213460556408,-1.2649110640673524,0.9526416371763718,0.936417085093438,-0.010030081952775346,-0.06363327139408599,-0.024851384398701427,-0.02022807935982832,-0.015405968977854814,-0.0016149740168081017,0.09428722772654742,0.018522740447477544,-0.06096553117814626,0.04172483076692828,-0.013252329954625037
AGATGTATACCTCTTGAACCTGG,0.551,AGATGTATACCTCTTGAACCT,0.55192953,0.9423657787736018,0.6512508511201085,-0.6490498800944541,-0.9889095499626173,-1.3399559394430969,-1.339955939443096,-0.8772875856031493,-0.5653394046752771,-1.2649110640673524,0.9526416371763718,1.3399559394430969,0.008564504880062381,-0.02670202995121699,0.005587539297866294,-0.0019864886726215147,-0.023771812982393264,-0.009755746062312812,0.07465483296676215,0.02325488764779034,-0.035973350780132494,0.01973052299666753,0.004744057659564677
TTGCTGGCTTTCGAGCCTCCGGG,0.366,TTGCTGGCTTTCGAGCCTCCG,0.36390087,-1.5577883281767675,0.6512508511201085,0.3061556038181437,0.5235403499802113,0.6777383323051962,0.6777383323051971,1.5665849742913387,-0.5653394046752771,0.7905694150420952,-1.0990258951001421,-0.6777383323051954,-0.039544123595055096,-0.04478001520856396,-0.015703302668236992,0.003899264773660958,0.004018673632334879,-0.010783108486879208,-0.12252612828853583,0.0028273473295891494,0.005306639623292649,-0.06657930627301499,-0.0075516843035708025
TTGAACTTTAATATGATCTGTGG,0.597,TTGAACTTTAATATGATCTGT,0.5984802,0.9423657787736018,2.0118999507817596,-2.081858105963351,-0.9889095499626173,-2.5505725024920727,-2.550572502492072,-0.8772875856031493,-2.9276504884969734,-1.2649110640673524,0.9526416371763718,2.550572502492072,0.022840414128024067,-0.11178627133969858,-0.0020498300155440486,0.005706260615325234,-0.0502552751438085,0.01617524059209632,0.07717900315210934,0.1246964855617656,-0.048537264936245425,-0.00042879096344930083,0.029272027736727553
TGAGGCATTCTGCGGTTAACAGG,0.299,TGAGGCATTCTGCGGTTAACA,0.32787484,0.44233495738352796,0.19770115123289142,-1.1266526220507531,0.5235403499802113,-0.5328782307437798,-0.5328782307437788,-0.8772875856031493,0.22209762326528829,0.7905694150420952,0.41742398769696293,0.5328782307437802,-0.0007765839531362696,-0.02413814398204231,0.00326577958483727,-0.010342504082063395,-0.008610363776758032,-0.00400519653499782,0.059225575280317785,-0.024067633495335177,0.01856390757984294,-0.009052407615664572,-0.0024732800248341647
CCGGTCGAAAACCGTGTATGAGG,0.608,CCGGTCGAAAACCGTGTATGA,0.61141616,0.9423657787736018,-0.7093982485415427,-0.6490498800944541,0.5235403499802113,-0.12933937639412088,-0.1293393763941202,-0.8772875856031493,-0.5653394046752771,0.7905694150420952,-0.5638083519589219,0.1293393763941213,0.027468649813762087,0.038383200556558354,0.010612684179220221,0.0015196852222248702,0.005087008201704784,-0.000888380969127455,0.07480426789039654,0.03690550809268985,0.046989903133703693,-0.010843689993515105,-0.0005365054194743725
CCCTCTCGGCCTTAGGCGACAGG,0.443,CCCTCTCGGCCTTAGGCGACA,0.43958193,-0.5577266853966197,-0.7093982485415427,1.2613610877307415,0.01939038333260177,1.0812771866548543,1.0812771866548556,0.7519607876598428,0.22209762326528829,0.7905694150420952,-0.34080100687068393,-1.0812771866548534,-0.015944817543521037,0.04603260616181699,-0.030943056957407317,-0.0005658670250094525,0.009244215466600644,0.0011013876612642906,-0.05949763316770285,-0.010382879730109333,0.017251289562209622,-0.023685588909060633,0.0059198651517376345
GCAGAGCTGGTTGCCTGAGTTGG,0.587,GCAGAGCTGGTTGCCTGAGTT,0.58597577,-0.5577266853966197,0.19770115123289142,-1.1266526220507531,1.5318402832754303,0.2741994779555372,0.27419947795553845,-0.06266339897165332,0.22209762326528829,0.7905694150420952,-1.1882289607412637,-0.2741994779555366,-0.007036167698410843,-0.012706579401707052,0.05621571789389892,0.028331763291861108,0.009133112357567733,0.001143986253484049,0.018998024156214783,0.003999351199729979,0.014695239113473178,0.013801451777568554,-0.0010927962378049455
AAGTCGTGCCCATGCAGGTTTGG,0.452,AAGTCGTGCCCATGCAGGTTT,0.45024398,-0.05769586400654591,0.19770115123289142,-0.6490498800944541,0.5235403499802113,-0.12933937639412088,-0.1293393763941202,-0.06266339897165332,1.0095346512058538,0.7905694150420952,-0.29619947405012315,0.1293393763941213,-0.009622644094047518,-0.01886468909462512,0.017354851730181527,0.0027092814389206854,0.004544966255447682,-0.0031854949495840413,0.012233974575832652,-0.053781178906123286,0.004279933385414507,0.00834267340163827,0.0003838396064882415
ACCAGCAGGGCCCTTCCGTCTGG,0.567,ACCAGCAGGGCCCTTCCGTCT,0.5674536,-0.5577266853966197,-0.7093982485415427,1.2613610877307415,0.01939038333260177,1.0812771866548543,1.0812771866548556,-0.06266339897165332,1.7969716791464192,0.7905694150420952,0.2390181222601914,-1.0812771866548534,-0.0016814741568687602,0.027971557228938564,0.005625120599518764,0.0016468275925178657,0.02430443263752557,0.012212008360650515,0.018328215582330366,-0.0778976968308781,0.0021769003226206857,0.015472937735213802,0.009148234173983008
CTTCCTCGCTTCTGCTCCTCAGG,0.27,CTTCCTCGCTTCTGCTCCTCA,0.2688656,-1.5577883281767675,1.1048005510073255,1.7389638296870404,-1.493059516610227,0.2741994779555372,0.27419947795553845,0.7519607876598428,0.22209762326528829,-1.2649110640673524,0.3728225612145908,-0.2741994779555366,-0.01399253633541939,-0.05988794508059219,-0.056662603367577155,-0.033676968053245125,0.006677741928630763,-0.004627663431511739,-0.05038400648175415,0.0015010304899115265,0.007906847846636303,0.022301965324790642,-0.0003479161477159899
CGTCTTATGAATTCTCTTGTGGG,0.4,CGTCTTATGAATTCTCTTGTG,0.39983612,-0.5577266853966197,2.0118999507817596,-1.1266526220507531,-0.4847595833150078,-1.3399559394430969,-1.339955939443096,-0.06266339897165332,-1.3527764326158427,-1.2649110640673524,0.9526416371763718,1.3399559394430969,-0.009508087030260567,-0.09000227466948849,-0.0017928856496627502,-0.003908030664882592,-0.028683973904532784,-0.010227588370387798,0.009137582071398432,0.0015842716854352226,-0.006409521477344701,0.01180152414919257,0.00041982276030840183
TCCCGCCCACTCCTTCTGGCCGG,0.599,TCCCGCCCACTCCTTCTGGCC,0.59949505,-1.5577883281767675,-0.2558485486543256,2.6941693135996383,-0.9889095499626173,1.4848160410045133,1.4848160410045144,0.7519607876598428,0.22209762326528829,0.7905694150420952,0.016010830341047774,-1.4848160410045121,-0.05134198685678152,0.010956472747928473,-0.05902756769005414,-0.00059394584798115,0.012194820301054605,0.014756837702823667,-0.060140664859814744,-0.0045160067953414805,0.011881634715821722,-0.00035866337654353556,0.0154835504135151
GAGAGGTGCGTGATCGGGCGTGG,0.642,GAGAGGTGCGTGATCGGGCGT,0.6454641,-0.5577266853966197,-0.7093982485415427,-1.604255364007052,3.04429018321826,1.0812771866548543,1.0812771866548556,1.5665849742913387,0.22209762326528829,0.7905694150420952,-0.7868156970471599,-1.0812771866548534,-0.015101764473941301,0.012074521705235323,0.04171327453775282,0.017108445570909913,0.006640918484646739,-0.0028476987184185604,-0.13373047105231128,-0.004837232877264975,0.019999239184371704,-0.014767342530218231,-0.013428412869081394
TGGTGGGATCATGATCTTCTGGG,0.395,TGGTGGGATCATGATCTTCTG,0.3960579,-0.5577266853966197,1.1048005510073255,-1.604255364007052,1.0276903166278208,-0.5328782307437798,-0.5328782307437788,-0.8772875856031493,-1.3527764326158427,0.7905694150420952,0.5958298797182816,0.5328782307437802,-0.03846286763965866,-0.08675690197245979,-0.004748090023632023,-0.019126333255361734,-0.005809056439570014,-0.007938484384954638,0.05596395892742679,0.022335831133901196,0.016441746372661305,-0.010365300112482378,-0.004199058649849965
AGCAGGGCAGGCCATCCATAGGG,0.552,AGCAGGGCAGGCCATCCATAG,0.55228716,0.9423657787736018,-1.6164976483159768,-0.1714471381381552,1.0276903166278208,0.6777383323051962,0.6777383323051971,-0.8772875856031493,1.0095346512058538,0.7905694150420952,0.3728225612145908,-0.6777383323051954,0.012444433957447503,0.09810751687817197,-0.003646350141628297,-0.013669454222272127,0.0009822359431412258,0.003404093988157902,0.06610771344340108,-0.06637592406281621,0.020913608958978792,-0.0026110511805329966,-0.004564645396538709
GTCATCGGCCATCGACATTCGGG,0.305,GTCATCGGCCATCGACATTCG,0.30680445,-0.05769586400654591,-0.2558485486543256,0.3061556038181437,0.01939038333260177,0.2741994779555372,0.27419947795553845,-0.06266339897165332,1.0095346512058538,0.7905694150420952,0.3728225612145908,-0.2741994779555366,-0.01476138112077238,-0.007357388925858034,-0.008435328230057116,-0.008074563583393233,0.002272936860065316,-0.008031578154572644,0.0064296878792427315,-0.07148764766889178,-0.006899197418720289,-0.0021785021752746825,-0.007507697204912531
TTGTCTCTTGTCCATCGCTATGG,0.573,TTGTCTCTTGTCCATCGCTAT,0.5721984,-1.0577575067866936,2.0118999507817596,-0.1714471381381552,-0.9889095499626173,-0.9364170850934384,-0.9364170850934374,-0.8772875856031493,-0.5653394046752771,-1.2649110640673524,0.9526416371763718,0.936417085093438,-0.0017276570003056618,-0.04899704708093471,0.018332935241989153,-0.003978438092047711,-0.011638787513660213,0.0020967584526364125,0.061460687874410405,0.008313019729250078,0.005556677628458613,0.03267266991080875,0.0026334381420096975
TGAACGGATCCGAGTAACCCAGG,0.746,TGAACGGATCCGAGTAACCCA,0.7454895,1.4423966001636757,-1.1629479484287597,-0.1714471381381552,0.01939038333260177,-0.12933937639412088,-0.1293393763941202,-0.06266339897165332,0.22209762326528829,0.7905694150420952,0.9526416371763718,0.1293393763941213,0.04336447333541763,0.10583131244549383,0.00690993325505065,0.0011221211499128636,0.008733947539613365,0.0036174514000014146,0.017221288571318435,0.0011807384017186293,0.03767862413829064,0.03772368857248145,0.006012026834618893
TTTCCCCCAGACCATGACTTAGG,0.455,TTTCCCCCAGACCATGACTTA,0.4561341,0.44233495738352796,0.19770115123289142,0.7837583457744426,-1.493059516610227,-0.5328782307437798,-0.5328782307437788,-1.6919117722346453,0.22209762326528829,-1.2649110640673524,0.9526416371763718,0.5328782307437802,0.0015143253021761005,-0.017050933894520472,-0.0034288158495279497,-0.018800783834177954,-0.006052198409590703,-0.008934548929770346,0.10938455747788424,-0.0035596984445421093,-0.015260677805149944,0.04213797150609586,-0.00478790397841087
CATCTGTACTGGCGGGGAGCAGG,0.379,CATCTGTACTGGCGGGGAGCA,0.37852266,-0.05769586400654591,-0.7093982485415427,-0.6490498800944541,1.5318402832754303,0.6777383323051962,0.6777383323051971,1.5665849742913387,1.0095346512058538,0.7905694150420952,-0.2069965147471902,-0.6777383323051954,-0.012073779581012297,0.004704182182912865,0.01271700800393091,0.01975492524467546,0.0065379714722925775,-0.003167220565316427,-0.12790645285076271,-0.04793176115678124,0.014658692050656983,-0.008948573713010046,-0.009346078105625646
